0.176880,none,0.020360,0.233320,0.253520,0.089640,,,0.882080,none,0.065080,0.192560,0.003640,0.098240,,,0.247520,none,1.160280,0.910760,0.192480,0.083280,,,none,none,0.856440,0.275840,0.020520,none,,,none,none,2.636480,1.438440,0.011720,none,
0.097320,,0.126840,0.637560,0.014560,0.003240,,,0.197920,,0.185720,1.250720,0.005880,0.266400,,,0.819480,,0.338400,0.480240,0.009680,0.001600,,,,,0.262400,,2.642960,,,,,,5.091520,,0.035480,,
0.045680,,0.117720,0.516160,0.041000,0.068160,,,0.037000,,0.091440,0.477520,0.020200,,,,0.919840,,0.065280,0.812720,0.016440,0.014280,,,,,0.046360,,0.013440,,,,,,1.087200,,0.013000,,
0.106800,0.358800,0.171240,0.162200,0.080640,0.571880,,,0.410920,0.037840,0.131880,0.021520,0.037800,,,,1.099680,0.171200,0.533400,0.230960,0.004040,0.004400,,,2.215560,none,3.645520,0.008080,,none,,,none,6.116240,0.981360,0.604200,0.012720,none,
0.395960,0.007640,0.301840,0.231360,0.006960,0.218080,,,0.429960,0.709120,0.033960,0.015440,0.171480,none,,,0.092800,0.130640,1.313120,0.096880,0.012440,0.050600,,,0.035920,,1.381520,3.737160,,,,,,,1.041200,1.454280,0.003200,,
0.017600,0.113040,0.454720,0.221320,0.034400,0.003880,,,0.063040,0.165000,0.325400,0.024920,0.078760,,,,1.239960,0.402800,0.376160,1.065480,0.020360,0.477680,,,0.236280,,0.520360,0.043840,0.467080,,,,,,,1.007320,0.010200,,
0.457320,0.013000,0.491760,0.195120,1.184000,0.009280,,,0.065560,0.146280,0.053080,0.518480,1.308920,,,,,0.101040,0.877000,0.602280,0.007200,0.342440,,,,none,0.905160,,0.976800,,,,0.047480,none,,1.132880,0.013200,,
0.022080,0.149160,0.028960,0.053600,0.277400,0.085480,,,0.198400,0.214160,0.085760,0.563760,0.604040,,,,,0.025320,0.014720,0.055240,0.004920,0.151800,,,,,0.001760,,,,,,2.015640,,2.674040,0.007800,0.038760,,
0.002200,0.023840,0.421680,0.131720,0.464680,0.029760,,,0.021200,0.060560,0.082520,0.425520,0.199840,,,,0.195120,0.491720,0.294200,0.961840,0.013200,0.117960,,,none,,3.095560,,,,,,,,,,0.107480,,
0.017960,0.079440,0.242680,0.066560,1.662520,0.148920,,,0.399400,0.018760,0.037080,0.100760,0.082440,,,,0.115640,0.146640,0.976320,0.287920,0.012600,0.013440,,,,0.033440,,,none,,,,,none,,,0.007600,,
0.133560,0.076600,0.081000,0.030760,0.175600,0.013640,,,0.420480,0.023720,0.539600,1.034600,0.432400,,,,1.063400,0.597960,0.090520,0.122600,0.006040,0.171920,,,,0.005880,,,,,,,0.227640,,1.275960,,0.533320,,
0.287200,0.062560,0.753760,0.998720,0.003160,,,,0.397560,0.438480,0.124600,0.533440,0.086640,,,,0.011280,1.468560,0.859040,0.179160,0.010800,,,,1.712920,0.401360,0.007960,,,,,,2.858360,,0.026920,,0.808040,,
0.113240,0.117560,0.108160,0.080280,0.019880,,,,0.699960,0.130040,0.057080,0.003200,0.140080,,,,0.462840,0.816280,0.392760,0.030960,0.019440,,,,0.626760,0.065480,0.401120,,0.109040,,,,,,1.426040,,0.006960,,
0.306120,0.138600,0.155240,0.544360,0.144640,none,,,0.351280,0.278240,0.138480,0.877880,0.699920,,,,0.130240,0.548280,0.078680,0.156040,0.026840,0.093680,,,1.131720,0.007600,0.031680,,,,,,,,6.465200,,0.019960,,
0.012360,0.129600,0.614320,0.284600,0.015720,,,,,0.202120,0.085440,0.355800,,,,,0.246840,1.449720,0.208520,0.214960,0.017800,0.172320,,,0.084160,,1.307960,,,,,,,,,,0.007960,,
0.322160,0.038720,0.014400,0.590880,0.012920,,,,,0.139040,0.006000,0.394240,,,,,0.951080,0.661280,0.025200,0.004720,0.011040,0.123800,,,0.812080,,0.545360,,0.324120,,,,,,,,1.488840,,
0.027840,0.012480,0.006880,0.090160,,,,,0.057040,0.751920,0.209080,0.358360,0.002400,,,,0.387640,0.032920,0.004600,0.479760,0.053760,0.050600,,,0.552440,,0.044440,,,,,,,,6.871000,,0.113000,,
0.167920,0.343600,0.133960,0.171480,,,,,1.145440,0.476720,0.262080,0.364000,0.450560,,,,0.245040,0.471680,0.008280,0.321400,0.032480,,,,0.226200,,3.691880,,,,,,,,6.496520,,0.137120,,
0.175080,0.029760,0.019680,0.223520,0.021080,,,,0.217440,0.018040,0.575520,,0.044840,,,,0.021840,0.243400,0.003480,,0.060040,,,,1.161560,,,,none,,,,,,0.905560,,0.019480,,
0.035000,0.128080,0.110600,0.266360,0.238520,,,,1.465640,0.043920,0.020760,,1.990000,,,,0.375720,0.092400,0.634560,,0.464080,,,,0.013000,,,,,,,,,,2.235000,,0.223320,,
0.016680,0.002200,0.082600,0.186520,0.541840,,,,0.094040,0.005400,0.001800,0.885960,0.235920,,,,0.460640,0.010600,0.031680,0.007160,0.355160,,,,1.409160,,1.056040,,,,,,,,,,0.317720,,
0.028480,0.108160,0.135600,0.009880,0.136560,,,,0.338120,0.014840,0.549280,0.111240,0.179120,,,,0.563560,0.028240,0.206840,0.920680,0.485480,,,,0.734920,,0.103840,,0.423080,,,,,,,,,,
0.357880,0.462040,0.096800,0.412200,0.025800,,,,1.338560,0.063560,0.809920,0.398040,0.033960,,,,0.602600,0.696520,1.019600,0.310040,0.004280,,,,0.529440,,0.449320,,0.008440,,,,,,,,,,
0.161280,0.025840,0.128120,0.025200,0.243200,,,,0.298080,0.112800,1.173360,0.293080,0.652640,,,,0.841600,0.087120,0.009800,0.013120,0.026120,,,,0.042760,,0.046240,,0.606720,,,,,,,,0.642600,,
0.184200,0.095720,0.418280,0.491600,0.111880,,,,0.143200,0.186960,0.042280,0.221680,0.243680,,,,0.021680,0.038720,0.757040,0.416920,0.526400,,,,0.462720,,0.052760,,0.446080,,,,,,,,0.996600,,
0.458360,0.692800,0.030600,0.518640,0.045000,,,,0.339440,0.278520,0.068520,1.696840,0.056280,,,,0.138320,0.114240,1.173200,0.188680,0.089440,,,,0.009320,,0.296040,,0.898120,,,,,,,,1.538120,,
0.186880,0.040960,0.078800,0.023440,0.062280,,,,0.134480,0.024320,0.167560,0.030200,0.371560,,,,0.098880,,0.005560,0.114720,0.338360,,,,,,0.054880,,3.863600,,,,,,,,2.319080,,
0.032160,0.414280,0.527280,0.018360,0.012320,,,,0.029680,0.561720,0.531320,0.064520,0.181600,,,,0.035720,,0.189000,0.032280,0.370120,,,,,,3.503080,,0.432360,,,,,,,,0.444400,,
,0.103720,0.020280,0.019080,0.158600,,,,0.340080,0.014320,0.169440,0.014040,0.280040,,,,0.147560,0.535320,0.005640,0.028800,0.057840,,,,,,0.018120,,0.065440,,,,,,,,0.924400,,
,0.026000,0.058520,,2.256600,,,,0.017520,0.184000,0.003920,0.130480,0.355360,,,,,,0.219400,0.056560,0.228240,,,,,,0.016720,,0.072840,,,,,,,,0.624680,,
0.036560,0.059360,1.241080,,0.028920,,,,0.243880,0.132520,0.132160,0.613000,0.563000,,,,,,0.120680,0.117120,0.323240,,,,,,1.334560,,0.314640,,,,,,,,1.243840,,
0.165800,0.014360,0.009360,0.613240,0.041040,,,,0.102000,0.474080,0.516840,0.048880,0.384120,,,,0.346920,0.286360,0.185200,0.012840,0.146760,,,,,,1.141680,,,,,,,,,,,,
0.023840,0.040440,0.229080,0.535640,0.930200,,,,0.254680,0.034680,0.171640,,0.837400,,,,0.113200,0.159320,1.440520,0.136200,0.017960,,,,,,0.026480,,,,,,,,,,,,
0.049360,0.002680,0.100280,0.037160,0.594640,,,,0.026240,0.026680,0.141000,,1.243960,,,,0.327280,0.164800,0.460960,0.038800,0.013880,,,,,,0.031040,,1.290360,,,,,,,,3.577200,,
0.536240,0.013520,0.885320,0.314520,0.014680,,,,0.015920,0.534120,0.364640,,0.035600,,,,0.003760,0.029600,0.067120,0.609960,0.044520,,,,,,1.415800,,1.609040,,,,,,,,0.946920,,
0.028560,0.003160,0.071080,0.103440,0.455960,,,,0.159440,0.946000,0.633840,,,,,,0.002960,0.006280,0.796520,0.129480,0.026280,,,,,,0.504880,,0.639480,,,,,,,,0.368560,,
0.578160,0.099400,0.027760,0.249960,0.010680,,,,0.111520,0.023000,0.105640,,,,,,0.029720,0.010760,0.049560,0.706600,0.045720,,,,,,0.735320,,0.546720,,,,,,,,0.288880,,
0.041080,0.198440,0.129760,0.131880,0.029160,,,,,0.015920,0.029240,,0.320280,,,,0.703440,0.016920,0.022040,0.020280,0.050280,,,,,,1.599640,,0.041040,,,,,,,,0.241240,,
0.328200,0.135000,0.168280,0.357800,0.006080,,,,,0.798040,0.385480,,3.186320,,,,0.005840,0.006480,0.160480,0.075720,0.021480,,,,,,,,,,,,,,,,0.034920,,
0.133040,0.387160,0.102280,0.142720,0.251240,,,,0.357040,0.019000,0.079320,,2.939640,,,,0.118440,0.013280,0.069480,0.248840,0.115600,,,,,,,,,,,,,,,,,,
0.693760,0.266040,0.375240,0.382360,0.041160,,,,0.127720,0.844800,0.029560,,0.905840,,,,0.011480,0.014440,0.383560,0.007680,0.048400,,,,,,3.917720,,0.019160,,,,,,,,,,
0.619800,0.211000,0.171000,0.027000,0.357120,,,,0.037480,0.034680,0.806000,,0.367080,,,,0.160480,0.016440,,0.003720,,,,,,,2.538840,,0.695920,,,,,,,,0.003000,,
0.007720,0.017880,0.435680,0.011920,0.022120,,,,0.074560,,1.039560,,0.806600,,,,0.148920,0.016280,,0.017360,,,,,,,1.227000,,0.013320,,,,,,,,1.949800,,
0.204040,0.019280,0.016680,0.018040,0.621720,,,,0.382400,,0.836200,,0.193600,,,,0.345960,0.020840,0.227080,0.014200,0.281680,,,,,,,,6.682440,,,,,,,,0.669960,,
0.297240,0.075560,1.057480,0.528680,0.709920,,,,0.752840,0.007080,0.684760,,0.612520,,,,0.020640,0.022800,0.237840,0.011480,0.231960,,,,,,,,0.709640,,,,,,,,,,
0.024880,0.164240,0.003400,0.061640,0.029440,,,,0.006560,0.380360,0.179320,,,,,,0.012720,0.058720,0.077320,0.162480,0.058400,,,,,,,,,,,,,,,,,,
0.010760,0.032200,0.035680,0.065120,0.353360,,,,0.283040,0.281840,0.057120,,,,,,0.020200,0.101960,0.604440,0.266160,0.055120,,,,,,,,,,,,,,,,0.136120,,
0.012200,0.313240,0.018760,0.142360,0.029280,,,,0.406920,0.376160,0.062360,,0.068880,,,,0.102080,0.006680,0.015360,,0.342040,,,,,,,,0.115440,,,,,,,,,,
0.597440,0.154040,0.211280,0.099840,0.739880,,,,0.016400,,1.332400,,0.702800,,,,0.226800,0.366920,0.004760,,0.968840,,,,,,,,4.852160,,,,,,,,,,
0.367080,0.001360,0.015040,0.023720,,,,,0.065640,,0.501040,,0.565040,,,,0.535720,0.128880,0.039680,,0.250760,,,,,,,,,,,,,,,,0.161600,,
0.548040,0.251800,0.188760,0.061440,,,,,0.076360,0.164040,0.494040,,0.224920,,,,0.016760,0.094360,0.119520,,0.574200,,,,,,,,,,,,,,,,2.320240,,
0.043200,0.229080,0.310680,0.067560,0.029200,,,,0.175240,0.035520,0.266880,,0.206160,,,,0.002720,0.053440,0.123920,,0.140920,,,,,,,,6.279320,,,,,,,,,,
0.011400,0.019200,0.134800,0.119040,0.900240,,,,0.573400,0.006280,0.313040,,0.002280,,,,0.035560,0.024000,0.078640,,0.039200,,,,,,,,,,,,,,,,,,
1.027640,0.842080,0.019000,0.467640,0.561080,,,,0.107400,0.026200,1.426320,,0.002520,,,,0.014040,0.114440,0.024360,,0.190600,,,,,,,,,,,,,,,,0.043520,,
0.007480,0.012160,0.253200,0.053560,0.107040,,,,0.868560,0.013920,0.001760,,0.241040,,,,0.016480,0.029680,0.023240,,0.042480,,,,,,,,5.865520,,,,,,,,3.224480,,
0.031840,0.011400,0.112400,,0.299440,,,,0.144640,0.059640,0.039320,,0.192080,,,,0.011200,0.397080,0.072520,,0.170360,,,,,,,,2.294400,,,,,,,,2.565800,,
0.077240,0.008760,0.151880,,0.030320,,,,0.084680,0.032560,0.099720,,0.024880,,,,0.005640,0.466840,0.028040,,0.171720,,,,,,,,0.022080,,,,,,,,0.264400,,
0.061720,0.050520,0.035880,,0.778200,,,,0.012840,0.432040,,,0.031280,,,,0.008760,0.014360,0.130120,,0.573480,,,,,,,,0.077920,,,,,,,,1.956760,,
0.163920,0.102440,0.583920,,0.008760,,,,0.159040,0.170360,,,0.009520,,,,0.024840,0.311680,0.313480,,0.321480,,,,,,,,1.113080,,,,,,,,,,
0.144640,0.204760,0.090240,,0.405360,,,,0.035680,0.182240,0.532960,,0.178040,,,,0.008160,0.091200,0.493920,,0.029440,,,,,,,,,,,,,,,,,,
0.051600,0.486480,0.011480,,0.586640,,,,0.012200,0.292240,0.456960,,0.209680,,,,0.033040,0.047480,0.020640,,0.041560,,,,,,,,,,,,,,,,0.808720,,
0.060640,0.653120,0.040560,,0.010080,,,,0.023120,0.018080,1.078480,,0.007720,,,,0.126800,,0.016160,,0.727720,,,,,,,,0.128480,,,,,,,,0.025560,,
0.011680,0.011640,0.206600,,0.060600,,,,0.430960,0.380440,0.037960,,0.015640,,,,0.029080,,0.242840,,0.037000,,,,,,,,0.145600,,,,,,,,0.002960,,
0.002920,0.025320,0.378840,,0.302080,,,,0.299960,0.009000,0.510400,,0.032800,,,,0.348480,,0.991000,,0.921560,,,,,,,,0.178800,,,,,,,,2.635400,,
0.186360,0.046160,1.191240,,0.465400,,,,0.038480,0.451960,0.579080,,0.170920,,,,0.053560,,0.139880,,0.658800,,,,,,,,0.267400,,,,,,,,1.436280,,
0.027320,0.093040,0.500080,,0.041600,,,,0.498720,0.023840,0.129160,,0.296480,,,,0.013080,,1.639880,,0.461240,,,,,,,,0.508000,,,,,,,,0.036280,,
0.017440,0.005680,0.054840,,0.052600,,,,,,0.035960,,0.035680,,,,0.029800,,0.043520,,0.034000,,,,,,,,4.029480,,,,,,,,0.369960,,
,0.148240,0.584120,,0.327360,,,,,,0.372280,,0.090040,,,,0.032000,,0.025800,,0.268200,,,,,,,,2.650160,,,,,,,,,,
,,0.004200,,0.135320,,,,0.026960,,1.050720,,0.078240,,,,0.029080,,0.130720,,0.028000,,,,,,,,1.405200,,,,,,,,,,
0.085200,,0.015240,,0.078600,,,,0.209240,,1.017520,,0.176640,,,,0.025520,,0.017680,,,,,,,,,,0.010240,,,,,,,,0.002080,,
0.018600,0.275880,0.064080,,0.093280,,,,0.210360,,0.543800,,0.248600,,,,0.025200,,0.081360,,,,,,,,,,0.225280,,,,,,,,0.028680,,
0.038960,0.173480,0.266440,,0.007280,,,,0.016880,,,,0.024400,,,,0.103920,,0.934600,,0.977840,,,,,,,,0.058320,,,,,,,,0.104800,,
0.003360,0.115000,0.330840,,0.135360,,,,0.080160,,,,0.264280,,,,0.003800,,0.131720,,0.422760,,,,,,,,0.016400,,,,,,,,2.533520,,
0.029880,0.462680,0.033000,,0.021040,,,,0.334400,,0.107440,,0.177480,,,,0.078960,,0.671680,,0.050480,,,,,,,,0.029000,,,,,,,,,,
0.030640,,0.011920,,0.556240,,,,0.111640,,0.577440,,0.450520,,,,0.062680,,0.006120,,0.156120,,,,,,,,0.052880,,,,,,,,,,
0.005000,,0.415440,,0.030560,,,,0.016280,,0.429880,,0.017040,,,,0.018360,,0.005520,,0.780720,,,,,,,,0.033200,,,,,,,,none,,
0.035720,0.095360,,,0.592880,,,,0.047360,,0.998560,,0.009120,,,,0.016160,,0.017200,,0.438160,,,,,,,,,,,,,,,,,,
0.083920,0.052560,,,0.310640,,,,0.295680,,0.154960,,0.424320,,,,0.049200,,0.105480,,0.018160,,,,,,,,,,,,,,,,,,
0.051280,0.013800,0.027600,,0.199320,,,,0.074360,,0.026960,,0.210440,,,,0.072800,,0.030000,,0.101000,,,,,,,,none,,,,,,,,4.003760,,
0.192000,0.083240,0.006720,,0.199200,,,,0.126160,,1.352440,,0.486800,,,,0.022160,,0.257040,,0.008080,,,,,,,,,,,,,,,,,,
0.048160,0.024720,0.032360,,0.247200,,,,0.035800,,1.228800,,0.358360,,,,0.384400,,,,0.296720,,,,,,,,,,,,,,,,,,
0.015240,0.039960,0.200760,,0.263520,,,,0.212120,,0.150320,,0.007960,,,,0.015800,,,,0.134240,,,,,,,,none,,,,,,,,0.001640,,
0.727640,0.514600,0.077600,,0.260320,,,,0.007200,,0.002440,,0.424000,,,,0.076440,,0.027160,,0.216000,,,,,,,,,,,,,,,,0.008200,,
0.374120,0.018880,0.314520,,0.575920,,,,0.006520,,0.199120,,0.552400,,,,0.052920,,0.013280,,0.228400,,,,,,,,,,,,,,,,0.013560,,
0.028720,0.107360,0.090240,,,,,,0.018640,,1.486720,,0.096400,,,,0.179960,,0.010280,,0.002920,,,,,,,,none,,,,,,,,0.550600,,
0.026040,0.040680,0.136320,,,,,,0.015040,,1.088440,,0.414440,,,,0.061360,,0.055760,,0.230480,,,,,,,,,,,,,,,,0.301080,,
0.146320,0.122440,0.214800,,0.194600,,,,0.002520,,0.003800,,0.050040,,,,0.014640,,0.016040,,0.873000,,,,,,,,,,,,,,,,0.180240,,
0.104960,0.379120,0.209120,,0.001600,,,,0.148880,,0.114600,,0.151440,,,,0.006880,,0.004160,,0.286480,,,,,,,,7.256080,,,,,,,,1.900000,,
0.032120,0.047040,0.019880,,0.371720,,,,0.275360,,1.183280,,0.181560,,,,0.007600,,0.018520,,0.133720,,,,,,,,0.012360,,,,,,,,1.338400,,
0.024640,0.242600,0.025560,,0.092240,,,,0.110280,,0.205760,,0.059280,,,,0.013160,,0.683480,,0.068840,,,,,,,,,,,,,,,,0.253200,,
0.013320,0.018520,0.011880,,0.031720,,,,0.316600,,2.255200,,0.225840,,,,0.005640,,0.337960,,0.048120,,,,,,,,,,,,,,,,0.007760,,
0.249480,0.580400,0.646360,,0.104160,,,,0.018200,,0.005720,,0.007360,,,,0.017920,,0.022400,,0.030160,,,,,,,,0.003720,,,,,,,,0.034480,,
0.043600,0.277120,0.031440,,0.283520,,,,0.184800,,0.038040,,0.296560,,,,0.680600,,0.055360,,0.040520,,,,,,,,0.098000,,,,,,,,0.081320,,
0.028120,0.016840,0.028600,,0.031040,,,,0.157640,,0.804600,,0.026280,,,,,,0.026600,,0.574000,,,,,,,,0.002520,,,,,,,,0.259800,,
0.079240,0.004440,0.080000,,0.019640,,,,0.143480,,0.025760,,0.016920,,,,,,0.014920,,0.020920,,,,,,,,0.118600,,,,,,,,1.338120,,
0.009600,0.114080,0.059920,,0.181520,,,,0.198120,,0.154320,,0.061000,,,,0.201360,,0.011960,,0.019240,,,,,,,,1.428120,,,,,,,,0.053880,,
0.010360,0.033400,0.093560,,0.722280,,,,0.064440,,0.711640,,0.052400,,,,0.354960,,0.041200,,0.223480,,,,,,,,0.047680,,,,,,,,0.949880,,
0.499800,,0.185360,,0.249560,,,,0.101960,,0.148560,,0.017560,,,,0.052840,,0.009360,,0.356720,,,,,,,,0.184920,,,,,,,,0.294120,,
0.034800,,0.005280,,0.518160,,,,0.068080,,0.224920,,0.002960,,,,0.672960,,0.307000,,0.277280,,,,,,,,0.199280,,,,,,,,0.155920,,
0.043760,,0.348280,,0.328760,,,,0.019760,,0.633640,,,,,,0.045040,,0.071760,,0.126840,,,,,,,,0.309680,,,,,,,,0.304400,,
0.057040,,0.560320,,0.042840,,,,0.002440,,0.063200,,,,,,0.928840,,0.159240,,0.011720,,,,,,,,0.143120,,,,,,,,0.018680,,
0.579080,,0.186560,,0.192640,,,,0.046440,,,,0.182440,,,,0.058920,,0.153240,,0.274080,,,,,,,,0.140760,,,,,,,,,,
0.003080,,0.065360,,0.016280,,,,0.092720,,,,0.447120,,,,0.308000,,0.191720,,0.025000,,,,,,,,0.101880,,,,,,,,,,
0.054080,,0.083280,,0.011520,,,,0.437880,,3.346360,,0.198200,,,,0.064680,,0.116680,,0.023360,,,,,,,,0.292680,,,,,,,,0.004040,,
0.034000,,0.826960,,0.035400,,,,0.061480,,0.324600,,0.011640,,,,0.030280,,0.015360,,0.202080,,,,,,,,0.026160,,,,,,,,0.759120,,
0.060800,,0.519480,,0.257680,,,,0.138440,,1.046000,,0.414760,,,,0.340000,,0.046840,,0.090280,,,,,,,,0.013400,,,,,,,,4.145640,,
0.195200,,0.027240,,0.032000,,,,0.085000,,0.463600,,0.062840,,,,0.886960,,0.043360,,0.024000,,,,,,,,0.033040,,,,,,,,2.837440,,
0.031480,,0.121280,,0.189800,,,,0.173560,,0.020640,,0.188240,,,,0.051840,,0.327640,,0.008200,,,,,,,,0.116000,,,,,,,,1.282880,,
0.143840,,1.796080,,0.065160,,,,0.029920,,0.146920,,0.067000,,,,0.072000,,0.003440,,0.019200,,,,,,,,0.155680,,,,,,,,,,
0.041520,,0.165520,,0.022080,,,,0.163560,,0.328080,,0.080960,,,,0.013240,,0.091280,,0.062600,,,,,,,,0.068280,,,,,,,,,,
0.019480,,0.038520,,0.007160,,,,0.146720,,0.546160,,0.362480,,,,0.622960,,0.010040,,0.256760,,,,,,,,0.032160,,,,,,,,0.428480,,
0.027120,,0.058080,,0.069920,,,,0.007520,,1.819280,,0.334360,,,,0.142720,,0.011680,,0.566520,,,,,,,,0.195600,,,,,,,,0.173440,,
0.470920,,0.170120,,0.001400,,,,0.014760,,0.719520,,0.071480,,,,0.615200,,0.016440,,0.098600,,,,,,,,0.036640,,,,,,,,4.771360,,
0.024440,,,,0.015640,,,,0.036680,,0.199640,,0.080600,,,,0.015440,,0.021040,,0.469240,,,,,,,,0.047080,,,,,,,,,,
0.177240,,,,0.040360,,,,0.252440,,0.281840,,0.192840,,,,0.833040,,0.038360,,0.062000,,,,,,,,0.004480,,,,,,,,,,
0.033280,,0.649720,,0.189000,,,,0.761640,,0.002960,,0.037120,,,,1.184880,,0.092600,,,,,,,,,,0.107080,,,,,,,,0.392640,,
0.033560,,0.523400,,0.045800,,,,0.029280,,0.523720,,0.047440,,,,0.141120,,0.061320,,,,,,,,,,0.009520,,,,,,,,0.703760,,
0.017320,,0.007240,,0.254040,,,,0.238240,,0.211080,,0.380080,,,,0.096120,,0.154880,,0.051240,,,,,,,,0.014160,,,,,,,,0.066920,,
0.005040,,0.041760,,0.002160,,,,0.040840,,1.100560,,0.345400,,,,0.057520,,0.426280,,0.110160,,,,,,,,0.069680,,,,,,,,1.997440,,
0.687520,,0.332720,,0.032800,,,,0.140520,,2.373760,,0.026760,,,,0.081040,,0.070720,,0.084360,,,,,,,,0.044760,,,,,,,,2.455360,,
,,0.299320,,0.048040,,,,0.207840,,1.781480,,0.179880,,,,0.029840,,0.498800,,0.466000,,,,,,,,,,,,,,,,,,
,,0.254840,,0.129720,,,,0.187520,,0.150480,,0.026560,,,,0.031360,,0.478560,,0.219840,,,,,,,,,,,,,,,,,,
0.091920,,0.225240,,0.076560,,,,0.126520,,0.123320,,0.084320,,,,0.167360,,0.243120,,0.045720,,,,,,,,0.816760,,,,,,,,1.106400,,
0.073560,,0.067120,,0.063440,,,,0.021720,,0.838000,,0.082960,,,,0.022120,,0.063480,,0.019920,,,,,,,,0.596680,,,,,,,,,,
0.111840,,0.465280,,0.624160,,,,0.111720,,1.263760,,0.374280,,,,0.021040,,0.048440,,0.068200,,,,,,,,0.003280,,,,,,,,,,
0.038080,,0.252920,,0.025320,,,,0.036320,,0.491560,,0.264080,,,,0.001960,,0.056040,,0.076360,,,,,,,,0.027960,,,,,,,,none,,
0.117160,,0.112880,,0.311200,,,,0.046080,,0.185600,,0.666080,,,,0.045600,,0.726720,,0.055000,,,,,,,,0.005560,,,,,,,,,,
0.038480,,0.008480,,0.046000,,,,0.408240,,0.112360,,0.152360,,,,0.109000,,0.064680,,0.018800,,,,,,,,0.030240,,,,,,,,,,
0.265600,,0.453840,,0.033720,,,,0.199080,,0.885960,,0.050760,,,,0.049600,,0.376480,,0.199440,,,,,,,,,,,,,,,,1.254160,,
0.429880,,0.517160,,0.761680,,,,0.052760,,0.608400,,0.014400,,,,0.025760,,0.280840,,0.045440,,,,,,,,,,,,,,,,0.060000,,
0.023720,,0.023480,,0.124520,,,,0.015480,,,,0.225760,,,,0.244120,,0.757840,,0.449600,,,,,,,,4.301360,,,,,,,,0.103320,,
0.021840,,0.022400,,0.088520,,,,0.034400,,,,0.239840,,,,0.375360,,0.196080,,0.360760,,,,,,,,0.734440,,,,,,,,2.843520,,
0.119200,,0.003720,,0.050000,,,,0.153680,,,,0.145160,,,,0.078080,,0.039480,,0.285920,,,,,,,,0.276520,,,,,,,,0.008440,,
0.052280,,0.657200,,0.286880,,,,0.045200,,,,0.509240,,,,0.036880,,0.272600,,0.079000,,,,,,,,,,,,,,,,0.919840,,
0.029000,,0.085920,,0.068960,,,,0.031680,,,,0.430920,,,,0.029400,,0.013000,,0.449920,,,,,,,,,,,,,,,,2.492480,,
0.328040,,0.008640,,0.047280,,,,0.024080,,,,0.485800,,,,0.159240,,0.042360,,0.085840,,,,,,,,,,,,,,,,,,
0.132080,,0.065560,,0.045400,,,,0.090040,,,,0.252320,,,,0.081520,,0.074960,,0.229840,,,,,,,,,,,,,,,,,,
0.012440,,0.042000,,0.579600,,,,0.152120,,,,0.275280,,,,0.029080,,0.121840,,0.005240,,,,,,,,,,,,,,,,0.191520,,
0.085080,,1.001000,,0.442920,,,,0.014320,,,,0.043080,,,,0.011760,,0.038800,,0.020640,,,,,,,,,,,,,,,,0.283680,,
0.021080,,1.096120,,0.028360,,,,0.015520,,,,0.013160,,,,0.530400,,0.104360,,0.005560,,,,,,,,,,,,,,,,0.450720,,
0.120680,,0.010320,,0.292320,,,,0.084440,,,,0.035240,,,,0.400640,,0.043840,,0.031920,,,,,,,,,,,,,,,,0.126520,,
0.018560,,0.504040,,0.059520,,,,0.005440,,,,0.069760,,,,0.262760,,0.026800,,0.021720,,,,,,,,,,,,,,,,0.301840,,
0.052440,,0.055960,,0.010480,,,,0.090120,,,,0.847000,,,,0.011920,,0.003640,,0.070640,,,,,,,,,,,,,,,,0.724040,,
0.378760,,0.022640,,0.272920,,,,0.027120,,,,0.593520,,,,0.018520,,0.007520,,0.142080,,,,,,,,,,,,,,,,0.188920,,
0.114480,,0.056080,,0.259800,,,,0.024400,,,,,,,,0.205040,,0.014520,,0.296400,,,,,,,,,,,,,,,,0.199560,,
0.015720,,0.140960,,0.087800,,,,0.049360,,,,,,,,0.019240,,0.010720,,0.008000,,,,,,,,,,,,,,,,1.714240,,
0.018360,,0.045800,,0.008080,,,,0.103680,,,,0.277320,,,,0.107080,,0.002200,,0.018880,,,,,,,,,,,,,,,,1.553920,,
0.057840,,0.011680,,0.055440,,,,0.039240,,,,0.441280,,,,0.374200,,0.045680,,0.011600,,,,,,,,,,,,,,,,0.269560,,
0.673840,,0.010320,,0.004920,,,,0.189280,,,,2.224440,,,,0.180240,,0.172440,,0.008880,,,,,,,,,,,,,,,,,,
0.387760,,0.111800,,0.103440,,,,0.076680,,,,0.491520,,,,0.096680,,0.620680,,0.026800,,,,,,,,,,,,,,,,,,
0.082880,,0.113680,,0.010760,,,,0.102200,,,,,,,,0.090000,,0.175840,,0.024440,,,,,,,,,,,,,,,,none,,
0.050680,,0.016560,,0.076920,,,,0.068800,,,,,,,,0.026560,,0.018240,,0.027720,,,,,,,,,,,,,,,,,,
0.175600,,0.047320,,0.077760,,,,0.063760,,,,0.651960,,,,0.038440,,0.038280,,0.188960,,,,,,,,,,,,,,,,,,
0.455680,,0.006400,,0.015240,,,,0.305200,,,,0.016360,,,,0.014480,,0.015920,,0.081480,,,,,,,,,,,,,,,,,,
0.152680,,0.593800,,,,,,0.233920,,,,0.674840,,,,0.024480,,1.381040,,0.039840,,,,,,,,,,,,,,,,,,
0.490320,,0.172160,,,,,,0.027840,,,,0.089760,,,,0.017760,,0.002760,,0.054680,,,,,,,,,,,,,,,,,,
0.017640,,0.037080,,0.218960,,,,0.171680,,,,0.091040,,,,0.437680,,0.118720,,0.002520,,,,,,,,,,,,,,,,,,
0.030400,,0.043440,,0.030960,,,,0.103560,,,,0.268880,,,,0.221960,,0.062360,,0.095480,,,,,,,,,,,,,,,,,,
0.010880,,0.031720,,0.061400,,,,0.005760,,,,0.117800,,,,0.570720,,0.510720,,0.004080,,,,,,,,,,,,,,,,,,
0.023960,,0.045600,,0.037840,,,,0.024640,,,,0.201920,,,,0.060840,,0.008200,,0.108120,,,,,,,,,,,,,,,,,,
0.045040,,0.103040,,0.168760,,,,0.017200,,,,1.783080,,,,0.386440,,0.123200,,0.280960,,,,,,,,,,,,,,,,,,
0.063040,,0.591800,,0.144080,,,,0.121960,,,,2.557800,,,,0.554960,,0.038400,,0.359720,,,,,,,,,,,,,,,,,,
0.209960,,0.612640,,0.069280,,,,0.015280,,,,0.427960,,,,0.638720,,0.805200,,0.446000,,,,,,,,,,,,,,,,,,
1.049680,,0.095000,,0.374520,,,,0.004800,,,,0.256200,,,,0.071240,,1.115040,,0.022960,,,,,,,,,,,,,,,,,,
0.126000,,0.370960,,0.445480,,,,0.052400,,,,2.211400,,,,0.293600,,0.386080,,0.222760,,,,,,,,,,,,,,,,,,
0.577280,,0.324800,,0.077800,,,,0.208560,,,,0.045400,,,,0.020840,,0.360240,,0.164080,,,,,,,,,,,,,,,,,,
0.484080,,0.011440,,0.048280,,,,0.008160,,,,,,,,0.022480,,0.029840,,0.353360,,,,,,,,,,,,,,,,,,
0.228280,,0.072080,,0.537880,,,,0.143200,,,,,,,,0.374200,,0.040040,,0.741920,,,,,,,,,,,,,,,,,,
0.053400,,0.087720,,0.085280,,,,0.006480,,,,0.200720,,,,0.019160,,0.154320,,2.312560,,,,,,,,,,,,,,,,,,
0.023880,,0.049080,,0.023720,,,,0.198320,,,,0.013120,,,,0.048280,,0.026960,,,,,,,,,,,,,,,,,,,,
0.058120,,0.035720,,0.004360,,,,0.015720,,,,0.373400,,,,0.046360,,0.091440,,,,,,,,,,,,,,,,,,,,
0.049880,,0.043760,,0.077280,,,,0.095040,,,,0.084880,,,,0.210440,,,,0.037040,,,,,,,,,,,,,,,,,,
0.102600,,0.542600,,0.634440,,,,0.096400,,,,0.081040,,,,0.426080,,,,0.114400,,,,,,,,,,,,,,,,,,
0.040920,,0.015360,,0.049320,,,,0.006760,,,,0.030640,,,,0.175960,,0.295000,,0.029480,,,,,,,,,,,,,,,,,,
0.006280,,0.014680,,0.308280,,,,0.024400,,,,0.056720,,,,0.134560,,0.444880,,0.021880,,,,,,,,,,,,,,,,,,
0.018640,,0.037720,,0.027160,,,,0.207960,,,,0.029880,,,,0.928000,,0.727400,,0.102960,,,,,,,,,,,,,,,,,,
0.007920,,0.125440,,0.087200,,,,0.008960,,,,0.002920,,,,0.048840,,0.121920,,0.122160,,,,,,,,,,,,,,,,,,
0.006760,,0.008520,,2.419200,,,,0.207520,,,,0.374840,,,,0.254200,,0.213280,,0.083840,,,,,,,,,,,,,,,,,,
0.037280,,0.315320,,0.167960,,,,0.146320,,,,0.022320,,,,,,0.023160,,0.043840,,,,,,,,,,,,,,,,,,
0.290440,,0.004720,,0.128880,,,,0.191920,,,,0.055920,,,,,,0.181320,,0.033360,,,,,,,,,,,,,,,,,,
0.083080,,0.385880,,0.023720,,,,0.213680,,,,0.081400,,,,,,0.041800,,0.041520,,,,,,,,,,,,,,,,,,
0.043360,,0.195880,,0.019200,,,,0.114280,,,,0.155080,,,,,,0.071760,,0.017880,,,,,,,,,,,,,,,,,,
0.007600,,0.018320,,0.186520,,,,0.020240,,,,0.061240,,,,,,0.061200,,0.005920,,,,,,,,,,,,,,,,,,
0.083240,,0.162000,,0.034720,,,,0.002760,,,,0.102200,,,,,,0.147400,,0.026120,,,,,,,,,,,,,,,,,,
0.007080,,0.293680,,0.171720,,,,0.109200,,,,0.076760,,,,,,0.643880,,0.007160,,,,,,,,,,,,,,,,,,
0.187920,,0.042480,,0.113400,,,,0.057480,,,,0.863040,,,,,,0.038080,,0.060320,,,,,,,,,,,,,,,,,,
0.003960,,0.122160,,0.010560,,,,0.135760,,,,0.003040,,,,,,0.325000,,0.051080,,,,,,,,,,,,,,,,,,
0.488840,,0.162560,,0.242800,,,,0.021320,,,,0.063840,,,,,,0.015080,,0.077080,,,,,,,,,,,,,,,,,,
0.081880,,0.203120,,0.274200,,,,0.094080,,,,0.424560,,,,,,0.012000,,0.040160,,,,,,,,,,,,,,,,,,
0.059280,,0.109920,,0.033520,,,,0.015520,,,,0.166800,,,,,,0.011160,,0.008960,,,,,,,,,,,,,,,,,,
0.215200,,0.109200,,0.309400,,,,0.020600,,,,0.035520,,,,,,0.011640,,0.041760,,,,,,,,,,,,,,,,,,
0.029680,,0.031960,,0.012240,,,,0.210000,,,,0.249800,,,,,,0.024120,,0.091480,,,,,,,,,,,,,,,,,,
0.179280,,,,0.004960,,,,0.298000,,,,0.037280,,,,,,0.003080,,0.073360,,,,,,,,,,,,,,,,,,
0.164920,,,,0.004560,,,,0.016920,,,,0.283720,,,,,,0.004280,,0.078960,,,,,,,,,,,,,,,,,,
0.087880,,0.174280,,0.010000,,,,0.560480,,,,0.443920,,,,,,0.093120,,0.014920,,,,,,,,,,,,,,,,,,
0.012280,,0.049760,,0.054480,,,,0.105120,,,,0.109600,,,,,,0.050760,,0.054360,,,,,,,,,,,,,,,,,,
0.011760,,0.162360,,0.030480,,,,0.119680,,,,0.090640,,,,,,0.059440,,0.058480,,,,,,,,,,,,,,,,,,
0.012360,,0.036800,,0.006920,,,,0.101520,,,,0.111320,,,,,,0.312280,,0.051280,,,,,,,,,,,,,,,,,,
0.024520,,0.668560,,0.586360,,,,0.385800,,,,0.205960,,,,,,0.022920,,0.159880,,,,,,,,,,,,,,,,,,
0.129720,,0.040400,,0.009680,,,,0.296120,,,,0.006160,,,,,,0.051240,,0.534000,,,,,,,,,,,,,,,,,,
0.019000,,0.186760,,0.162200,,,,0.112880,,,,0.011600,,,,,,0.792560,,0.639480,,,,,,,,,,,,,,,,,,
0.024680,,0.045240,,0.011920,,,,0.007680,,,,0.039960,,,,,,0.176560,,0.130560,,,,,,,,,,,,,,,,,,
0.001320,,1.264440,,0.048360,,,,0.040360,,,,0.032440,,,,,,0.056400,,0.008320,,,,,,,,,,,,,,,,,,
0.044320,,1.256560,,0.050680,,,,0.626680,,,,0.010000,,,,,,0.219920,,0.013040,,,,,,,,,,,,,,,,,,
0.097640,,0.334320,,0.184720,,,,0.272720,,,,0.156120,,,,,,0.011040,,2.589600,,,,,,,,,,,,,,,,,,
0.087240,,0.321280,,0.353400,,,,0.385640,,,,0.023560,,,,,,0.062240,,1.546640,,,,,,,,,,,,,,,,,,
0.093800,,0.149320,,,,,,0.699640,,,,0.182120,,,,,,0.148720,,0.012000,,,,,,,,,,,,,,,,,,
0.077840,,0.018960,,,,,,0.334000,,,,0.038520,,,,,,0.435600,,0.228720,,,,,,,,,,,,,,,,,,
0.081720,,0.017920,,0.030720,,,,0.936800,,,,0.029520,,,,,,0.122120,,0.004880,,,,,,,,,,,,,,,,,,
0.178800,,0.234320,,0.003360,,,,,,,,0.055720,,,,,,0.107160,,0.057560,,,,,,,,,,,,,,,,,,
0.017360,,0.369080,,0.308640,,,,,,,,0.145400,,,,,,0.704720,,0.155320,,,,,,,,,,,,,,,,,,
0.056280,,0.390920,,0.026520,,,,,,,,1.537840,,,,,,0.103520,,0.517840,,,,,,,,,,,,,,,,,,
0.034520,,0.083720,,0.306200,,,,,,,,1.093400,,,,,,0.175880,,0.175760,,,,,,,,,,,,,,,,,,
0.004080,,0.030840,,0.018320,,,,,,,,0.592840,,,,,,0.410000,,0.034000,,,,,,,,,,,,,,,,,,
0.133480,,0.282960,,0.567120,,,,,,,,,,,,,,0.161920,,0.622080,,,,,,,,,,,,,,,,,,
0.052680,,0.037400,,0.019720,,,,,,,,,,,,,,0.023080,,0.222840,,,,,,,,,,,,,,,,,,
0.382000,,0.488640,,0.044360,,,,,,,,0.418680,,,,,,0.394720,,0.040800,,,,,,,,,,,,,,,,,,
0.270320,,0.080560,,0.250120,,,,,,,,0.892800,,,,,,0.003920,,,,,,,,,,,,,,,,,,,,
0.201560,,0.701560,,0.022400,,,,,,,,0.730160,,,,,,0.043800,,,,,,,,,,,,,,,,,,,,
0.141440,,0.009480,,0.140440,,,,,,,,0.952240,,,,,,0.124280,,0.119640,,,,,,,,,,,,,,,,,,
0.121000,,0.079040,,0.010080,,,,,,,,0.533960,,,,,,0.113760,,0.474720,,,,,,,,,,,,,,,,,,
0.054080,,0.788360,,0.586800,,,,,,,,0.057880,,,,,,0.392680,,0.453680,,,,,,,,,,,,,,,,,,
0.030960,,0.313000,,0.034360,,,,,,,,0.219880,,,,,,0.028720,,0.242320,,,,,,,,,,,,,,,,,,
0.068360,,0.238000,,1.210600,,,,,,,,0.434800,,,,,,0.322640,,1.123000,,,,,,,,,,,,,,,,,,
0.350400,,0.038600,,0.027440,,,,,,,,0.640840,,,,,,0.024240,,0.108200,,,,,,,,,,,,,,,,,,
0.085720,,0.347640,,0.644600,,,,,,,,2.478600,,,,,,0.326000,,0.819000,,,,,,,,,,,,,,,,,,
0.526400,,0.002960,,0.073400,,,,,,,,0.629160,,,,,,0.181760,,0.095200,,,,,,,,,,,,,,,,,,
0.645520,,0.059520,,0.051280,,,,,,,,0.261480,,,,,,0.090920,,0.219120,,,,,,,,,,,,,,,,,,
0.109480,,0.341920,,0.010640,,,,,,,,0.527440,,,,,,0.081400,,0.020040,,,,,,,,,,,,,,,,,,
0.034160,,0.843600,,0.022760,,,,,,,,,,,,,,0.338640,,0.861480,,,,,,,,,,,,,,,,,,
0.150760,,0.621320,,0.171120,,,,,,,,,,,,,,0.883360,,0.009040,,,,,,,,,,,,,,,,,,
0.075920,,0.790200,,0.097880,,,,,,,,2.845240,,,,,,0.071640,,0.043840,,,,,,,,,,,,,,,,,,
0.023320,,0.369280,,0.036280,,,,,,,,3.786960,,,,,,0.018520,,0.043840,,,,,,,,,,,,,,,,,,
0.005000,,0.455200,,0.012040,,,,,,,,0.003160,,,,,,0.726760,,0.059640,,,,,,,,,,,,,,,,,,
0.018200,,0.015800,,0.095200,,,,,,,,0.976200,,,,,,0.613200,,0.097760,,,,,,,,,,,,,,,,,,
0.003920,,0.032320,,0.115640,,,,,,,,0.133400,,,,,,0.424120,,0.090280,,,,,,,,,,,,,,,,,,
0.009440,,0.034120,,0.147160,,,,,,,,1.061480,,,,,,0.029880,,0.010600,,,,,,,,,,,,,,,,,,
0.001320,,0.241640,,0.041440,,,,,,,,0.385240,,,,,,0.013360,,0.041680,,,,,,,,,,,,,,,,,,
0.379200,,1.402520,,,,,,,,,,0.047520,,,,,,0.069280,,0.026600,,,,,,,,,,,,,,,,,,
0.043400,,0.038080,,,,,,,,,,,,,,,,0.030720,,0.051760,,,,,,,,,,,,,,,,,,
0.489520,,0.428280,,0.558840,,,,,,,,,,,,,,0.007400,,0.237000,,,,,,,,,,,,,,,,,,
0.128120,,0.092440,,0.043680,,,,,,,,0.019360,,,,,,0.012400,,,,,,,,,,,,,,,,,,,,
0.081120,,0.547760,,0.042440,,,,,,,,4.344960,,,,,,0.237520,,,,,,,,,,,,,,,,,,,,
0.103800,,0.042560,,0.825880,,,,,,,,1.253800,,,,,,0.023720,,0.024480,,,,,,,,,,,,,,,,,,
0.026440,,0.102800,,0.148400,,,,,,,,0.679400,,,,,,0.010480,,0.072760,,,,,,,,,,,,,,,,,,
0.083400,,0.199440,,0.184480,,,,,,,,,,,,,,0.114680,,0.222520,,,,,,,,,,,,,,,,,,
0.033280,,1.003680,,0.115040,,,,,,,,,,,,,,0.118080,,0.019000,,,,,,,,,,,,,,,,,,
0.101800,,0.072120,,1.044000,,,,,,,,0.309360,,,,,,0.055840,,0.196560,,,,,,,,,,,,,,,,,,
0.824760,,0.111040,,0.201800,,,,,,,,0.304840,,,,,,1.421760,,0.054200,,,,,,,,,,,,,,,,,,
0.101600,,0.813160,,0.061240,,,,,,,,0.004080,,,,,,0.215200,,0.294240,,,,,,,,,,,,,,,,,,
1.300960,,0.086880,,0.107000,,,,,,,,0.081720,,,,,,0.145920,,0.461080,,,,,,,,,,,,,,,,,,
,,1.351080,,0.185960,,,,,,,,0.239880,,,,,,0.085000,,0.009880,,,,,,,,,,,,,,,,,,
,,0.024840,,1.284760,,,,,,,,0.127000,,,,,,0.261040,,0.210880,,,,,,,,,,,,,,,,,,
,,0.138280,,1.313640,,,,,,,,0.179040,,,,,,0.050760,,0.038480,,,,,,,,,,,,,,,,,,
,,,,0.649080,,,,,,,,0.003440,,,,,,0.100480,,0.094520,,,,,,,,,,,,,,,,,,
,,,,0.016400,,,,,,,,0.020640,,,,,,0.119280,,0.015400,,,,,,,,,,,,,,,,,,
,,,,0.769400,,,,,,,,0.068320,,,,,,0.081680,,0.065680,,,,,,,,,,,,,,,,,,
,,,,0.023240,,,,,,,,0.691120,,,,,,0.057120,,0.242680,,,,,,,,,,,,,,,,,,
,,,,0.187800,,,,,,,,0.001880,,,,,,0.028280,,0.096280,,,,,,,,,,,,,,,,,,
,,,,0.230320,,,,,,,,0.536680,,,,,,0.183600,,0.168680,,,,,,,,,,,,,,,,,,
,,,,0.020360,,,,,,,,0.709120,,,,,,0.022520,,0.300760,,,,,,,,,,,,,,,,,,
,,,,0.673240,,,,,,,,0.127560,,,,,,0.018360,,1.168520,,,,,,,,,,,,,,,,,,
,,,,0.315280,,,,,,,,0.120320,,,,,,0.020920,,0.094240,,,,,,,,,,,,,,,,,,
,,,,,,,,,,,,0.118200,,,,,,0.139760,,0.114360,,,,,,,,,,,,,,,,,,
,,,,,,,,,,,,0.036240,,,,,,0.241520,,0.332600,,,,,,,,,,,,,,,,,,
,,,,0.073880,,,,,,,,0.148520,,,,,,0.344960,,0.280160,,,,,,,,,,,,,,,,,,
,,,,0.044680,,,,,,,,0.840400,,,,,,0.061120,,0.124000,,,,,,,,,,,,,,,,,,
,,,,0.021240,,,,,,,,1.288760,,,,,,0.006080,,0.320560,,,,,,,,,,,,,,,,,,
,,,,0.105000,,,,,,,,0.083320,,,,,,0.032320,,0.215000,,,,,,,,,,,,,,,,,,
,,,,0.009200,,,,,,,,0.086120,,,,,,0.034960,,0.275600,,,,,,,,,,,,,,,,,,
,,,,0.016080,,,,,,,,0.231120,,,,,,0.055240,,0.150680,,,,,,,,,,,,,,,,,,
,,,,0.055480,,,,,,,,0.139400,,,,,,0.076720,,0.063600,,,,,,,,,,,,,,,,,,
,,,,0.053480,,,,,,,,0.005840,,,,,,0.020320,,0.118360,,,,,,,,,,,,,,,,,,
,,,,0.097040,,,,,,,,0.321720,,,,,,0.030400,,0.301040,,,,,,,,,,,,,,,,,,
,,,,0.067360,,,,,,,,0.772120,,,,,,0.685240,,0.007280,,,,,,,,,,,,,,,,,,
,,,,0.026040,,,,,,,,0.013640,,,,,,0.198840,,0.021240,,,,,,,,,,,,,,,,,,
,,,,0.056120,,,,,,,,0.534280,,,,,,0.014240,,0.076880,,,,,,,,,,,,,,,,,,
,,,,0.331440,,,,,,,,0.471240,,,,,,0.018200,,0.074760,,,,,,,,,,,,,,,,,,
,,,,0.023400,,,,,,,,0.025280,,,,,,0.098560,,0.089920,,,,,,,,,,,,,,,,,,
,,,,0.053080,,,,,,,,,,,,,,0.028160,,0.064680,,,,,,,,,,,,,,,,,,
,,,,0.057440,,,,,,,,,,,,,,0.069480,,0.078160,,,,,,,,,,,,,,,,,,
,,,,0.258480,,,,,,,,0.783280,,,,,,0.044680,,0.314160,,,,,,,,,,,,,,,,,,
,,,,0.060560,,,,,,,,2.435960,,,,,,0.078480,,0.003520,,,,,,,,,,,,,,,,,,
,,,,0.064640,,,,,,,,2.302320,,,,,,0.092800,,0.024800,,,,,,,,,,,,,,,,,,
,,,,0.034200,,,,,,,,0.319840,,,,,,0.057080,,0.012680,,,,,,,,,,,,,,,,,,
,,,,0.034800,,,,,,,,0.058520,,,,,,0.702640,,0.061400,,,,,,,,,,,,,,,,,,
,,,,0.078240,,,,,,,,0.054280,,,,,,0.166560,,0.048480,,,,,,,,,,,,,,,,,,
,,,,0.049880,,,,,,,,0.018960,,,,,,0.017080,,0.049560,,,,,,,,,,,,,,,,,,
,,,,0.052600,,,,,,,,0.215480,,,,,,0.007160,,0.114560,,,,,,,,,,,,,,,,,,
,,,,0.400720,,,,,,,,0.027160,,,,,,0.104800,,0.345880,,,,,,,,,,,,,,,,,,
,,,,0.036200,,,,,,,,0.005600,,,,,,0.016000,,0.025720,,,,,,,,,,,,,,,,,,
,,,,0.611080,,,,,,,,0.084800,,,,,,0.026880,,1.204800,,,,,,,,,,,,,,,,,,
,,,,0.014800,,,,,,,,0.060800,,,,,,0.022920,,0.024080,,,,,,,,,,,,,,,,,,
,,,,0.228840,,,,,,,,0.019040,,,,,,0.020160,,0.956880,,,,,,,,,,,,,,,,,,
,,,,0.077000,,,,,,,,0.295160,,,,,,,,0.018560,,,,,,,,,,,,,,,,,,
,,,,0.088560,,,,,,,,0.440560,,,,,,,,0.021440,,,,,,,,,,,,,,,,,,
,,,,0.462360,,,,,,,,0.156880,,,,,,,,0.003120,,,,,,,,,,,,,,,,,,
,,,,0.028360,,,,,,,,0.019280,,,,,,,,,,,,,,,,,,,,,,,,,,
,,,,0.060520,,,,,,,,0.566720,,,,,,,,,,,,,,,,,,,,,,,,,,
,,,,0.275120,,,,,,,,0.225600,,,,,,,,0.045040,,,,,,,,,,,,,,,,,,
,,,,0.012880,,,,,,,,0.025880,,,,,,,,0.040560,,,,,,,,,,,,,,,,,,
,,,,0.060120,,,,,,,,0.980680,,,,,,,,0.033640,,,,,,,,,,,,,,,,,,
,,,,0.258080,,,,,,,,0.061920,,,,,,,,0.015400,,,,,,,,,,,,,,,,,,
,,,,0.140760,,,,,,,,0.044240,,,,,,,,0.015200,,,,,,,,,,,,,,,,,,
,,,,0.046680,,,,,,,,0.012360,,,,,,,,0.011200,,,,,,,,,,,,,,,,,,
,,,,0.029880,,,,,,,,0.120760,,,,,,,,0.016680,,,,,,,,,,,,,,,,,,
,,,,0.150400,,,,,,,,0.055480,,,,,,,,0.016640,,,,,,,,,,,,,,,,,,
,,,,0.016200,,,,,,,,0.029520,,,,,,,,0.040480,,,,,,,,,,,,,,,,,,
,,,,0.028600,,,,,,,,0.075120,,,,,,,,0.103400,,,,,,,,,,,,,,,,,,
,,,,0.026840,,,,,,,,0.061720,,,,,,,,0.021960,,,,,,,,,,,,,,,,,,
,,,,0.016120,,,,,,,,0.014560,,,,,,,,0.195040,,,,,,,,,,,,,,,,,,
,,,,0.002800,,,,,,,,0.003000,,,,,,,,0.009320,,,,,,,,,,,,,,,,,,
,,,,0.084840,,,,,,,,0.033400,,,,,,,,0.009360,,,,,,,,,,,,,,,,,,
,,,,0.125800,,,,,,,,,,,,,,,,0.002560,,,,,,,,,,,,,,,,,,
,,,,0.430760,,,,,,,,,,,,,,,,0.002400,,,,,,,,,,,,,,,,,,
,,,,0.027000,,,,,,,,0.071720,,,,,,,,0.380640,,,,,,,,,,,,,,,,,,
,,,,0.758320,,,,,,,,0.059240,,,,,,,,0.016320,,,,,,,,,,,,,,,,,,
,,,,0.058880,,,,,,,,0.782880,,,,,,,,0.051040,,,,,,,,,,,,,,,,,,
,,,,0.002600,,,,,,,,,,,,,,,,0.006960,,,,,,,,,,,,,,,,,,
,,,,0.126400,,,,,,,,,,,,,,,,0.021440,,,,,,,,,,,,,,,,,,
,,,,0.018200,,,,,,,,0.076680,,,,,,,,0.009720,,,,,,,,,,,,,,,,,,
,,,,0.014200,,,,,,,,0.012280,,,,,,,,0.009640,,,,,,,,,,,,,,,,,,
,,,,0.031640,,,,,,,,0.101160,,,,,,,,0.012320,,,,,,,,,,,,,,,,,,
,,,,0.374960,,,,,,,,0.049800,,,,,,,,0.036960,,,,,,,,,,,,,,,,,,
,,,,0.409160,,,,,,,,0.060440,,,,,,,,0.069760,,,,,,,,,,,,,,,,,,
,,,,0.247400,,,,,,,,1.596120,,,,,,,,0.092320,,,,,,,,,,,,,,,,,,
,,,,0.523400,,,,,,,,0.157520,,,,,,,,0.247800,,,,,,,,,,,,,,,,,,
,,,,0.078240,,,,,,,,0.015440,,,,,,,,0.049000,,,,,,,,,,,,,,,,,,
,,,,0.976560,,,,,,,,0.293320,,,,,,,,1.469160,,,,,,,,,,,,,,,,,,
,,,,0.338240,,,,,,,,0.080640,,,,,,,,0.075480,,,,,,,,,,,,,,,,,,
,,,,,,,,,,,,0.054680,,,,,,,,0.258240,,,,,,,,,,,,,,,,,,
,,,,,,,,,,,,0.024320,,,,,,,,0.127840,,,,,,,,,,,,,,,,,,
,,,,0.037160,,,,,,,,0.233800,,,,,,,,0.113240,,,,,,,,,,,,,,,,,,
,,,,0.810600,,,,,,,,0.109120,,,,,,,,0.219760,,,,,,,,,,,,,,,,,,
,,,,0.200040,,,,,,,,0.205880,,,,,,,,0.038720,,,,,,,,,,,,,,,,,,
,,,,0.041960,,,,,,,,0.014240,,,,,,,,0.163040,,,,,,,,,,,,,,,,,,
,,,,0.008240,,,,,,,,0.068160,,,,,,,,0.540840,,,,,,,,,,,,,,,,,,
,,,,0.020080,,,,,,,,0.021640,,,,,,,,0.191760,,,,,,,,,,,,,,,,,,
,,,,0.037840,,,,,,,,0.022640,,,,,,,,0.034680,,,,,,,,,,,,,,,,,,
,,,,0.216160,,,,,,,,0.228080,,,,,,,,0.219200,,,,,,,,,,,,,,,,,,
,,,,0.470520,,,,,,,,0.200440,,,,,,,,0.015400,,,,,,,,,,,,,,,,,,
,,,,0.029960,,,,,,,,0.154240,,,,,,,,0.014600,,,,,,,,,,,,,,,,,,
,,,,0.040440,,,,,,,,0.015480,,,,,,,,0.026160,,,,,,,,,,,,,,,,,,
,,,,0.297480,,,,,,,,0.982040,,,,,,,,0.016080,,,,,,,,,,,,,,,,,,
,,,,0.114840,,,,,,,,0.184760,,,,,,,,0.013360,,,,,,,,,,,,,,,,,,
,,,,0.390120,,,,,,,,0.219920,,,,,,,,0.042200,,,,,,,,,,,,,,,,,,
,,,,0.019320,,,,,,,,1.802160,,,,,,,,0.074400,,,,,,,,,,,,,,,,,,
,,,,0.396040,,,,,,,,0.454360,,,,,,,,0.087440,,,,,,,,,,,,,,,,,,
,,,,0.300920,,,,,,,,0.386640,,,,,,,,0.256800,,,,,,,,,,,,,,,,,,
,,,,0.425120,,,,,,,,0.055600,,,,,,,,0.272720,,,,,,,,,,,,,,,,,,
,,,,0.017480,,,,,,,,0.556640,,,,,,,,0.967040,,,,,,,,,,,,,,,,,,
,,,,0.227880,,,,,,,,0.050680,,,,,,,,0.007800,,,,,,,,,,,,,,,,,,
,,,,0.022560,,,,,,,,,,,,,,,,0.496280,,,,,,,,,,,,,,,,,,
,,,,0.005920,,,,,,,,,,,,,,,,1.677520,,,,,,,,,,,,,,,,,,
,,,,0.617040,,,,,,,,1.017640,,,,,,,,0.361920,,,,,,,,,,,,,,,,,,
,,,,1.654600,,,,,,,,2.148240,,,,,,,,,,,,,,,,,,,,,,,,,,
,,,,0.072640,,,,,,,,0.261320,,,,,,,,,,,,,,,,,,,,,,,,,,
,,,,0.381400,,,,,,,,0.179640,,,,,,,,0.453600,,,,,,,,,,,,,,,,,,
,,,,0.081280,,,,,,,,1.984160,,,,,,,,0.020120,,,,,,,,,,,,,,,,,,
,,,,0.009160,,,,,,,,0.883160,,,,,,,,0.236760,,,,,,,,,,,,,,,,,,
,,,,0.258680,,,,,,,,0.073760,,,,,,,,0.208160,,,,,,,,,,,,,,,,,,
,,,,0.286840,,,,,,,,0.326520,,,,,,,,2.025640,,,,,,,,,,,,,,,,,,
,,,,0.853160,,,,,,,,0.320760,,,,,,,,0.388040,,,,,,,,,,,,,,,,,,
,,,,0.197400,,,,,,,,0.149040,,,,,,,,0.734960,,,,,,,,,,,,,,,,,,
,,,,0.458320,,,,,,,,0.988800,,,,,,,,0.186400,,,,,,,,,,,,,,,,,,
,,,,0.142200,,,,,,,,0.018880,,,,,,,,0.022240,,,,,,,,,,,,,,,,,,
,,,,0.198680,,,,,,,,0.296800,,,,,,,,0.212600,,,,,,,,,,,,,,,,,,
,,,,0.538480,,,,,,,,0.531160,,,,,,,,0.091000,,,,,,,,,,,,,,,,,,
,,,,,,,,,,,,,,,,,,,,0.854560,,,,,,,,,,,,,,,,,,
,,,,,,,,,,,,,,,,,,,,0.201040,,,,,,,,,,,,,,,,,,
,,,,0.987520,,,,,,,,0.040840,,,,,,,,0.272000,,,,,,,,,,,,,,,,,,
,,,,0.053120,,,,,,,,0.072280,,,,,,,,0.164320,,,,,,,,,,,,,,,,,,
,,,,0.166320,,,,,,,,0.125200,,,,,,,,0.013720,,,,,,,,,,,,,,,,,,
,,,,0.316160,,,,,,,,0.383080,,,,,,,,0.022880,,,,,,,,,,,,,,,,,,
,,,,0.038360,,,,,,,,0.696920,,,,,,,,0.469040,,,,,,,,,,,,,,,,,,
,,,,0.423960,,,,,,,,0.779120,,,,,,,,0.025040,,,,,,,,,,,,,,,,,,
,,,,0.375520,,,,,,,,0.379120,,,,,,,,0.100000,,,,,,,,,,,,,,,,,,
,,,,0.810800,,,,,,,,0.223280,,,,,,,,0.279920,,,,,,,,,,,,,,,,,,
,,,,0.355000,,,,,,,,0.295280,,,,,,,,0.105280,,,,,,,,,,,,,,,,,,
,,,,0.020320,,,,,,,,0.691560,,,,,,,,0.047080,,,,,,,,,,,,,,,,,,
,,,,0.354160,,,,,,,,0.003600,,,,,,,,0.074440,,,,,,,,,,,,,,,,,,
,,,,0.275200,,,,,,,,1.280760,,,,,,,,0.337960,,,,,,,,,,,,,,,,,,
,,,,1.034680,,,,,,,,0.338680,,,,,,,,0.080000,,,,,,,,,,,,,,,,,,
,,,,0.114680,,,,,,,,0.043400,,,,,,,,0.082520,,,,,,,,,,,,,,,,,,
,,,,0.112600,,,,,,,,0.819680,,,,,,,,0.111640,,,,,,,,,,,,,,,,,,
,,,,1.683960,,,,,,,,1.247720,,,,,,,,0.058440,,,,,,,,,,,,,,,,,,
,,,,0.516640,,,,,,,,0.786440,,,,,,,,0.129160,,,,,,,,,,,,,,,,,,
,,,,0.328440,,,,,,,,0.894480,,,,,,,,0.020560,,,,,,,,,,,,,,,,,,
,,,,0.058960,,,,,,,,0.150360,,,,,,,,0.021160,,,,,,,,,,,,,,,,,,
,,,,0.289680,,,,,,,,,,,,,,,,0.069880,,,,,,,,,,,,,,,,,,
,,,,0.055320,,,,,,,,,,,,,,,,0.219840,,,,,,,,,,,,,,,,,,
,,,,,,,,,,,,1.083400,,,,,,,,0.470040,,,,,,,,,,,,,,,,,,
,,,,,,,,,,,,0.052000,,,,,,,,0.011760,,,,,,,,,,,,,,,,,,
,,,,0.540800,,,,,,,,0.103080,,,,,,,,0.078400,,,,,,,,,,,,,,,,,,
,,,,0.269360,,,,,,,,0.076000,,,,,,,,0.043640,,,,,,,,,,,,,,,,,,
,,,,0.010120,,,,,,,,0.056320,,,,,,,,0.124960,,,,,,,,,,,,,,,,,,
,,,,0.445400,,,,,,,,0.006360,,,,,,,,0.017520,,,,,,,,,,,,,,,,,,
,,,,0.131680,,,,,,,,0.054480,,,,,,,,0.388000,,,,,,,,,,,,,,,,,,
,,,,0.577360,,,,,,,,0.030040,,,,,,,,0.343960,,,,,,,,,,,,,,,,,,
,,,,0.119920,,,,,,,,0.057960,,,,,,,,,,,,,,,,,,,,,,,,,,
,,,,0.422440,,,,,,,,0.088080,,,,,,,,,,,,,,,,,,,,,,,,,,
,,,,0.368520,,,,,,,,0.136160,,,,,,,,1.076040,,,,,,,,,,,,,,,,,,
,,,,0.659120,,,,,,,,0.263080,,,,,,,,0.249920,,,,,,,,,,,,,,,,,,
,,,,0.141760,,,,,,,,0.032440,,,,,,,,0.197000,,,,,,,,,,,,,,,,,,
,,,,0.179360,,,,,,,,0.045280,,,,,,,,0.744920,,,,,,,,,,,,,,,,,,
,,,,0.622440,,,,,,,,0.136040,,,,,,,,0.346240,,,,,,,,,,,,,,,,,,
,,,,0.035560,,,,,,,,0.615480,,,,,,,,0.196840,,,,,,,,,,,,,,,,,,
,,,,0.292040,,,,,,,,0.018160,,,,,,,,0.020440,,,,,,,,,,,,,,,,,,
,,,,0.030480,,,,,,,,0.171000,,,,,,,,0.289080,,,,,,,,,,,,,,,,,,
,,,,0.136440,,,,,,,,0.485000,,,,,,,,0.777560,,,,,,,,,,,,,,,,,,
,,,,,,,,,,,,0.132360,,,,,,,,0.253240,,,,,,,,,,,,,,,,,,
,,,,,,,,,,,,0.684840,,,,,,,,0.092840,,,,,,,,,,,,,,,,,,
,,,,0.014120,,,,,,,,0.927400,,,,,,,,0.021640,,,,,,,,,,,,,,,,,,
,,,,1.060040,,,,,,,,0.409600,,,,,,,,0.006960,,,,,,,,,,,,,,,,,,
,,,,0.029840,,,,,,,,,,,,,,,,0.308600,,,,,,,,,,,,,,,,,,
,,,,0.066720,,,,,,,,,,,,,,,,0.027880,,,,,,,,,,,,,,,,,,
,,,,0.291280,,,,,,,,2.079640,,,,,,,,0.171640,,,,,,,,,,,,,,,,,,
,,,,0.172800,,,,,,,,0.749400,,,,,,,,0.009600,,,,,,,,,,,,,,,,,,
,,,,0.575880,,,,,,,,0.530160,,,,,,,,0.017720,,,,,,,,,,,,,,,,,,
,,,,0.009280,,,,,,,,0.207720,,,,,,,,0.053320,,,,,,,,,,,,,,,,,,
,,,,0.009560,,,,,,,,,,,,,,,,0.024320,,,,,,,,,,,,,,,,,,
,,,,0.113800,,,,,,,,,,,,,,,,0.036640,,,,,,,,,,,,,,,,,,
,,,,0.202120,,,,,,,,0.065800,,,,,,,,0.014520,,,,,,,,,,,,,,,,,,
,,,,0.053880,,,,,,,,0.097880,,,,,,,,0.998640,,,,,,,,,,,,,,,,,,
,,,,0.912160,,,,,,,,0.044400,,,,,,,,0.329600,,,,,,,,,,,,,,,,,,
,,,,0.076840,,,,,,,,0.023720,,,,,,,,0.034280,,,,,,,,,,,,,,,,,,
,,,,0.180720,,,,,,,,0.461880,,,,,,,,0.143200,,,,,,,,,,,,,,,,,,
,,,,0.006240,,,,,,,,0.358120,,,,,,,,0.556160,,,,,,,,,,,,,,,,,,
,,,,0.026920,,,,,,,,0.575920,,,,,,,,0.025120,,,,,,,,,,,,,,,,,,
,,,,0.017200,,,,,,,,0.258080,,,,,,,,0.513600,,,,,,,,,,,,,,,,,,
,,,,0.233000,,,,,,,,1.349120,,,,,,,,0.326400,,,,,,,,,,,,,,,,,,
,,,,0.159240,,,,,,,,0.088240,,,,,,,,0.014040,,,,,,,,,,,,,,,,,,
,,,,0.578400,,,,,,,,0.604240,,,,,,,,0.826520,,,,,,,,,,,,,,,,,,
,,,,0.095080,,,,,,,,0.830760,,,,,,,,0.038840,,,,,,,,,,,,,,,,,,
,,,,0.078440,,,,,,,,0.345920,,,,,,,,0.032920,,,,,,,,,,,,,,,,,,
,,,,0.055360,,,,,,,,0.048400,,,,,,,,0.089640,,,,,,,,,,,,,,,,,,
,,,,0.030080,,,,,,,,1.731200,,,,,,,,0.146840,,,,,,,,,,,,,,,,,,
,,,,0.039400,,,,,,,,0.479280,,,,,,,,0.026880,,,,,,,,,,,,,,,,,,
,,,,0.001360,,,,,,,,0.308880,,,,,,,,,,,,,,,,,,,,,,,,,,
,,,,0.074240,,,,,,,,0.134920,,,,,,,,,,,,,,,,,,,,,,,,,,
,,,,0.076320,,,,,,,,1.204960,,,,,,,,0.269560,,,,,,,,,,,,,,,,,,
,,,,0.224880,,,,,,,,0.006240,,,,,,,,0.614480,,,,,,,,,,,,,,,,,,
,,,,0.384080,,,,,,,,0.184800,,,,,,,,0.110120,,,,,,,,,,,,,,,,,,
,,,,0.426360,,,,,,,,0.255600,,,,,,,,0.038920,,,,,,,,,,,,,,,,,,
,,,,0.004800,,,,,,,,,,,,,,,,0.010840,,,,,,,,,,,,,,,,,,
,,,,0.047000,,,,,,,,,,,,,,,,0.001880,,,,,,,,,,,,,,,,,,
,,,,0.057720,,,,,,,,,,,,,,,,0.011880,,,,,,,,,,,,,,,,,,
,,,,0.031040,,,,,,,,,,,,,,,,0.427600,,,,,,,,,,,,,,,,,,
,,,,0.015800,,,,,,,,,,,,,,,,0.574800,,,,,,,,,,,,,,,,,,
,,,,0.189760,,,,,,,,,,,,,,,,0.255920,,,,,,,,,,,,,,,,,,
,,,,0.207880,,,,,,,,,,,,,,,,0.030760,,,,,,,,,,,,,,,,,,
,,,,0.009120,,,,,,,,,,,,,,,,0.088320,,,,,,,,,,,,,,,,,,
,,,,0.040720,,,,,,,,,,,,,,,,0.175320,,,,,,,,,,,,,,,,,,
,,,,0.065960,,,,,,,,,,,,,,,,0.243440,,,,,,,,,,,,,,,,,,
,,,,0.058480,,,,,,,,,,,,,,,,0.032280,,,,,,,,,,,,,,,,,,
,,,,0.052160,,,,,,,,,,,,,,,,0.253120,,,,,,,,,,,,,,,,,,
,,,,0.063760,,,,,,,,,,,,,,,,0.331600,,,,,,,,,,,,,,,,,,
,,,,0.182640,,,,,,,,,,,,,,,,0.200720,,,,,,,,,,,,,,,,,,
,,,,0.023960,,,,,,,,,,,,,,,,0.118560,,,,,,,,,,,,,,,,,,
,,,,0.008640,,,,,,,,,,,,,,,,0.763360,,,,,,,,,,,,,,,,,,
,,,,0.088040,,,,,,,,,,,,,,,,0.046320,,,,,,,,,,,,,,,,,,
,,,,0.011160,,,,,,,,,,,,,,,,0.156320,,,,,,,,,,,,,,,,,,
,,,,0.086440,,,,,,,,,,,,,,,,0.332120,,,,,,,,,,,,,,,,,,
,,,,0.660920,,,,,,,,,,,,,,,,0.586600,,,,,,,,,,,,,,,,,,
,,,,0.076080,,,,,,,,,,,,,,,,0.078400,,,,,,,,,,,,,,,,,,
,,,,0.168200,,,,,,,,,,,,,,,,0.118200,,,,,,,,,,,,,,,,,,
,,,,0.194440,,,,,,,,,,,,,,,,0.007400,,,,,,,,,,,,,,,,,,
,,,,0.007080,,,,,,,,,,,,,,,,0.216600,,,,,,,,,,,,,,,,,,
,,,,0.034960,,,,,,,,,,,,,,,,0.088240,,,,,,,,,,,,,,,,,,
,,,,0.214960,,,,,,,,,,,,,,,,0.402160,,,,,,,,,,,,,,,,,,
,,,,0.058000,,,,,,,,,,,,,,,,0.055000,,,,,,,,,,,,,,,,,,
,,,,,,,,,,,,,,,,,,,,,,,,,,,,,,,,,,,,,,
,,,,,,,,,,,,,,,,,,,,,,,,,,,,,,,,,,,,,,
,,,,0.068200,,,,,,,,,,,,,,,,0.322880,,,,,,,,,,,,,,,,,,
,,,,1.215120,,,,,,,,,,,,,,,,0.363680,,,,,,,,,,,,,,,,,,
,,,,1.282680,,,,,,,,,,,,,,,,0.100040,,,,,,,,,,,,,,,,,,
,,,,0.025360,,,,,,,,,,,,,,,,0.040520,,,,,,,,,,,,,,,,,,
,,,,0.126200,,,,,,,,,,,,,,,,0.008000,,,,,,,,,,,,,,,,,,
,,,,1.257240,,,,,,,,,,,,,,,,0.016600,,,,,,,,,,,,,,,,,,
,,,,0.255400,,,,,,,,,,,,,,,,0.503240,,,,,,,,,,,,,,,,,,
,,,,0.180960,,,,,,,,,,,,,,,,0.036400,,,,,,,,,,,,,,,,,,
,,,,0.687240,,,,,,,,,,,,,,,,0.026200,,,,,,,,,,,,,,,,,,
,,,,0.139680,,,,,,,,,,,,,,,,0.467160,,,,,,,,,,,,,,,,,,
,,,,0.654400,,,,,,,,,,,,,,,,0.024280,,,,,,,,,,,,,,,,,,
,,,,0.199080,,,,,,,,,,,,,,,,0.007000,,,,,,,,,,,,,,,,,,
,,,,0.140600,,,,,,,,,,,,,,,,0.011520,,,,,,,,,,,,,,,,,,
,,,,0.031000,,,,,,,,,,,,,,,,0.008680,,,,,,,,,,,,,,,,,,
,,,,0.080440,,,,,,,,,,,,,,,,0.005360,,,,,,,,,,,,,,,,,,
,,,,0.305240,,,,,,,,,,,,,,,,0.065160,,,,,,,,,,,,,,,,,,
,,,,0.023240,,,,,,,,,,,,,,,,0.018160,,,,,,,,,,,,,,,,,,
,,,,0.097040,,,,,,,,,,,,,,,,0.010520,,,,,,,,,,,,,,,,,,
,,,,0.089440,,,,,,,,,,,,,,,,0.006720,,,,,,,,,,,,,,,,,,
,,,,0.710200,,,,,,,,,,,,,,,,0.008920,,,,,,,,,,,,,,,,,,
,,,,0.042560,,,,,,,,,,,,,,,,0.012120,,,,,,,,,,,,,,,,,,
,,,,0.125040,,,,,,,,,,,,,,,,0.019080,,,,,,,,,,,,,,,,,,
,,,,0.184000,,,,,,,,,,,,,,,,0.114520,,,,,,,,,,,,,,,,,,
,,,,0.002440,,,,,,,,,,,,,,,,0.025120,,,,,,,,,,,,,,,,,,
,,,,0.030080,,,,,,,,,,,,,,,,0.040840,,,,,,,,,,,,,,,,,,
,,,,0.089560,,,,,,,,,,,,,,,,0.029320,,,,,,,,,,,,,,,,,,
,,,,0.013840,,,,,,,,,,,,,,,,0.024280,,,,,,,,,,,,,,,,,,
,,,,0.446920,,,,,,,,,,,,,,,,0.004640,,,,,,,,,,,,,,,,,,
,,,,0.259560,,,,,,,,,,,,,,,,0.024720,,,,,,,,,,,,,,,,,,
,,,,0.206040,,,,,,,,,,,,,,,,0.026280,,,,,,,,,,,,,,,,,,
,,,,0.296040,,,,,,,,,,,,,,,,0.005160,,,,,,,,,,,,,,,,,,
,,,,0.157600,,,,,,,,,,,,,,,,0.584080,,,,,,,,,,,,,,,,,,
,,,,0.184720,,,,,,,,,,,,,,,,0.023000,,,,,,,,,,,,,,,,,,
,,,,,,,,,,,,,,,,,,,,0.070080,,,,,,,,,,,,,,,,,,
,,,,,,,,,,,,,,,,,,,,0.007920,,,,,,,,,,,,,,,,,,
,,,,0.816720,,,,,,,,,,,,,,,,0.005760,,,,,,,,,,,,,,,,,,
,,,,0.795320,,,,,,,,,,,,,,,,0.032320,,,,,,,,,,,,,,,,,,
,,,,0.736800,,,,,,,,,,,,,,,,0.082280,,,,,,,,,,,,,,,,,,
,,,,0.310000,,,,,,,,,,,,,,,,0.006840,,,,,,,,,,,,,,,,,,
